Publishing Lifecycle Step,Best Practice 1,Best Practice 2,Best Practice 3,Best Practice 4,Best Practice 5,Best Practice 6,Best Practice 7
Keyword Discovery,Prioritize low-to-medium difficulty gaming keywords first,"Focus on search intent, not just search volume",Target long-tail phrases,Use Reddit/Quora/YouTube autocomplete research,Prioritize informational + transactional hybrid intent,Build topical clusters,Identify competitor weak spots
SERP Research,Analyze top 5 ranking pages,Identify search intent type,Study competitor structure,Identify missing competitor information,Analyze featured snippets,Check schema usage,Identify UX improvements
Topic Qualification,Publish within gaming topical authority,Group articles into game clusters,Strengthen semantic relevance,Avoid unrelated topics,Prioritize evergreen searches,Maintain category consistency,Focus on scalable topic ecosystems
Content Angle Planning,Create unique positioning,Include firsthand gameplay insights,Focus on usefulness over fluff,Add tactical recommendations,Include comparisons and stats,Improve depth beyond competitors,Make content actionable
Content Brief Creation,Define primary keyword,Define secondary keywords,Define search intent,Include required headings,Include internal linking targets,Add FAQ opportunities,Predefine schema type
Title Optimization,Place primary keyword near beginning,Use emotional modifiers strategically,Maintain title clarity,Avoid clickbait mismatch,Optimize for CTR,Match search intent,Keep titles concise
URL Structure,Keep URLs short,Include primary keyword once,Avoid unnecessary dates,Maintain consistent hierarchy,Use semantic URL structures,Avoid parameter-heavy URLs,Keep URLs readable
Introduction Writing,Answer search query immediately,Establish credibility early,Mention gameplay experience,Avoid generic intros,Add concise article summary,Optimize for snippet extraction,Maintain reader engagement
Main Content Development,Use experience-driven writing,Add step-by-step clarity,Break content into sections,Use comparison tables,Use bullet formatting,Prioritize readability,Add original insights
E-E-A-T Optimization,Include author names,Add author bios,Display expertise clearly,Add last updated dates,Cite official sources,Use firsthand recommendations,Avoid factual uncertainty
Semantic SEO Optimization,Mention game entities naturally,Use semantic keywords,Include character references,Mention mechanics naturally,Include maps/classes/bosses,Strengthen contextual relevance,Improve topical authority
Header Structure,Use one H1 only,Structure H2s around intent,Use H3s for subsections,Add keyword variations naturally,Improve scanability,Optimize headers for snippets,Maintain logical hierarchy
Featured Snippet Optimization,Use concise answer blocks,Use numbered lists,Use comparison tables,Answer questions directly,Add FAQ sections,Optimize for PAA boxes,Maintain scannable formatting
Image Optimization,Compress images,Use descriptive filenames,Add optimized alt text,Use WebP format,Avoid oversized assets,Optimize lazy loading,Maintain image relevance
Internal Linking,Add 5–15 relevant internal links,Use descriptive anchor text,Link related guides,Strengthen topical clusters,Link pillar pages,Maintain logical hierarchy,Update old content with new links
External Linking,Link to official sources,Use authoritative references,Avoid excessive outbound links,Maintain contextual relevance,Open external links appropriately,Avoid spammy sources,Support trust signals
FAQ Section,Add FAQ sections strategically,Use real user questions,Keep answers concise,Optimize for FAQ schema,Use conversational phrasing,Target PAA opportunities,Update FAQs regularly
Schema Selection,Use Article schema by default,Add FAQ schema where applicable,Use Review schema for reviews,Use Breadcrumb schema,Validate schema before publishing,Avoid schema spam,Maintain structured data consistency
Meta Title Optimization,Keep under ~60 characters,Include primary keyword,Optimize for CTR,Avoid keyword stuffing,Maintain readability,Match search intent,Create curiosity naturally
Meta Description Optimization,Keep under ~155 characters,Summarize article benefit,Include primary keyword naturally,Encourage clicks,Avoid misleading claims,Maintain readability,Match search intent
Category & Tag Selection,Use intentional categories,Avoid excessive tags,Maintain taxonomy cleanliness,Organize by game/topic,Prevent duplicate categorization,Keep architecture scalable,Improve crawl structure
WordPress Publishing Settings,Verify canonical URLs,Set featured image,Check index/follow settings,Verify breadcrumbs,Ensure mobile responsiveness,Check permalink structure,Confirm sitemap inclusion
Pre-Publish QA,Spellcheck content,Verify factual accuracy,Test all internal links,Validate schema,Review formatting consistency,Check mobile UX,Test page speed basics
Publishing Timing,Publish consistently,Prioritize freshness for trending games,Update evergreen content regularly,Align with gaming trends,Maintain content cadence,Monitor seasonal spikes,Plan around game launches
Indexing Process,Submit URLs to Search Console,Request indexing for priority pages,Verify sitemap inclusion,Ensure crawlability,Check robots.txt rules,Monitor index status,Resolve crawl issues quickly
Post-Publish Optimization,Monitor rankings,Improve low CTR titles,Expand thin sections,Add new internal links,Refresh outdated sections,Improve engagement metrics,Optimize based on Search Console
Content Updating,Refresh outdated gaming data,Update patch/meta changes,Maintain freshness signals,Add new FAQs,Improve weak sections,Update screenshots if needed,Expand based on ranking data
Topical Authority Scaling,Build pillar-cluster systems,Cover all major search intents,Expand game ecosystems,Strengthen semantic relationships,Publish supporting guides,Maintain interlinking,Dominate niche subtopics
Performance Tracking,Track rankings weekly,Monitor indexed pages,Analyze impressions,Review CTR performance,Monitor bounce rate,Identify near-page-1 opportunities,Measure topical growth
Long-Term E-E-A-T Growth,Build author authority,Maintain editorial consistency,Publish trustworthy content,Develop recognizable voice,Strengthen brand reputation,Maintain quality standards,Build audience trust